,crop,area1000hectares,production1000tonnes,irrigatedarea1000hectares,districtcode,year,statecode,statename,nitrogenconsumptiontonnes,phosphateconsumptiontonnes,potashconsumptiontonnes,districtname
95,Sugarcane,0.43000001,0.090000004,0.43099999,5,2017,14,Chhattisgarh,31282,13620,3707,Raigarh
149,Sugarcane,3.3699999,1.79,3.49,7,2017,6,Madhya Pradesh,62230,30800,2116,Jabalpur
174,Groundnut,0.029999999,0.029999999,0.34,8,2017,6,Madhya Pradesh,18299,10688,575,Balaghat
201,Sugarcane,51.099998,30.07,58.68,10,2017,6,Madhya Pradesh,21631,10429,2037,Narsinghpur
215,Wheat,92.0,320.70999,95.129997,10,2017,6,Madhya Pradesh,21631,10429,2037,Narsinghpur
297,Wheat,81.599998,285.60001,98.790001,14,2017,6,Madhya Pradesh,10634,9534,115,Damoh
324,Wheat,97.190002,243.07001,97.349998,15,2017,6,Madhya Pradesh,8357,3862,98,Tikamgarh
420,Wheat,156.8,538.45001,164.14,20,2017,6,Madhya Pradesh,29067,15084,353,Satna
450,Chickpea,45.5,47.200001,143.77,21,2017,6,Madhya Pradesh,10825,6431,163,Shahdol
461,Wheat,87.269997,222.87,163.21001,21,2017,6,Madhya Pradesh,10825,6431,163,Shahdol
467,Rice,9.1099997,26.290001,30.190001,22,2017,6,Madhya Pradesh,27042,12605,467,Gwalior
471,Wheat,65.0,247.25999,91.419998,22,2017,6,Madhya Pradesh,27042,12605,467,Gwalior
485,Rice,4.4000001,10.8,10.12,23,2017,6,Madhya Pradesh,19578,13081,371,Shivpuri
493,Wheat,76.900002,217.09,180.64,23,2017,6,Madhya Pradesh,19578,13081,371,Shivpuri
502,Chickpea,32.0,43.200001,76.339996,23,2017,6,Madhya Pradesh,19578,13081,371,Shivpuri
535,Barley,0.2,0.47999999,3.76,25,2017,6,Madhya Pradesh,21273,7790,249,Datia
548,Wheat,120.8,399.0,148.50999,25,2017,6,Madhya Pradesh,21273,7790,249,Datia
551,Wheat,183.0,752.78998,196.57001,26,2017,6,Madhya Pradesh,49982,18447,680,Morena
558,Sugarcane,0.07,0.0099999998,0.18000001,26,2017,6,Madhya Pradesh,49982,18447,680,Morena
568,Rice,21.4,60.099998,28.209999,26,2017,6,Madhya Pradesh,49982,18447,680,Morena
572,Rice,3.0,5.7600002,6.5300002,27,2017,6,Madhya Pradesh,28195,14286,258,Bhind
593,Wheat,110.4,466.10999,113.94,27,2017,6,Madhya Pradesh,28195,14286,258,Bhind
599,Wheat,110.4,465.12,141.73,28,2017,6,Madhya Pradesh,39595,20470,5622,Indore
624,Wheat,110.4,395.23001,127.25,29,2017,6,Madhya Pradesh,35385,17110,4806,Ratlam
643,Wheat,220.60001,935.78998,241.39999,30,2017,6,Madhya Pradesh,42030,30956,5569,Ujjain
661,Linseed,9.8999996,7.0700002,10.72,31,2017,6,Madhya Pradesh,43079,20401,6526,Mandsaur
663,Wheat,125.7,520.38,160.45,31,2017,6,Madhya Pradesh,43079,20401,6526,Mandsaur
668,Cotton,0.34,0.090000004,0.37,31,2017,6,Madhya Pradesh,43079,20401,6526,Mandsaur
703,Sugarcane,0.1,0.029999999,0.20999999,32,2017,6,Madhya Pradesh,27680,15628,3499,Dewas
712,Sugarcane,0.20999999,0.13,2.53,33,2017,6,Madhya Pradesh,66096,32417,7376,Dhar
751,Wheat,278.39999,932.95001,376.23999,37,2017,6,Madhya Pradesh,63904,34186,1417,Sehore
758,Sugarcane,0.56,0.28999999,0.98000002,37,2017,6,Madhya Pradesh,63904,34186,1417,Sehore
779,Rice,112.0,236.84,126.74,38,2017,6,Madhya Pradesh,40839,23884,876,Raisen
780,Wheat,197.60001,647.72998,216.06,38,2017,6,Madhya Pradesh,40839,23884,876,Raisen
823,Wheat,104.4,277.91,153.14999,40,2017,6,Madhya Pradesh,32640,10643,1553,Betul
827,Sugarcane,11.29,7.1599998,13.81,40,2017,6,Madhya Pradesh,32640,10643,1553,Betul
836,Wheat,152.0,529.71997,186.63,41,2017,6,Madhya Pradesh,35199,21501,1209,Rajgarh
876,Wheat,125.8,471.60001,173.44,42,2017,6,Madhya Pradesh,27278,21798,3008,Shajapur
889,Sugarcane,4.0,1.8,4.3099999,43,2017,6,Madhya Pradesh,87707,51050,5087,Hoshangabad
898,Wheat,349.5,1467.1801,399.17001,43,2017,6,Madhya Pradesh,87707,51050,5087,Hoshangabad
902,Sugarcane,11.58,85.190002,19.315001,44,2017,1,Andhra Pradesh,55301,19214,13016,Srikakulam
938,Sugarcane,38.389999,225.08,54.064999,45,2017,1,Andhra Pradesh,48118,9836,7491,Visakhapatnam
950,Sugarcane,10.32,91.25,19.6,46,2017,1,Andhra Pradesh,84246,30862,28384,East Godavari
980,Sugarcane,7.9499998,84.949997,17.629999,47,2017,1,Andhra Pradesh,106191,49578,46863,West Godavari
994,Sugarcane,10.26,94.57,23.26,48,2017,1,Andhra Pradesh,84529,39105,20768,Krishna
1023,Sugarcane,0.33000001,3.1700001,0.463,49,2017,1,Andhra Pradesh,173584,89900,25004,Guntur
1045,Sugarcane,1.05,10.54,1.768,50,2017,1,Andhra Pradesh,98386,38207,20817,S.P.S. Nellore
1074,Sugarcane,0.49000001,6.1900001,0.70999998,51,2017,1,Andhra Pradesh,140564,80498,24777,Kurnool
1080,Sugarcane,0.090000004,0.89999998,0.12,52,2017,1,Andhra Pradesh,38288,26127,12070,Ananthapur
1121,Sugarcane,0.28,2.6900001,0.46000001,53,2017,1,Andhra Pradesh,47161,24126,12776,Kadapa YSR
1139,Sugarcane,18.18,173.74001,35.360001,54,2017,1,Andhra Pradesh,43320,15960,8962,Chittoor
1286,Sugarcane,5.0599999,38.59,7.6199999,61,2017,20,Telangana,15181,8795,3643,Khammam
1341,Sugarcane,0.0,0.029999999,0.0060000001,63,2017,20,Telangana,59648,13502,6270,Adilabad
1363,Sugarcane,0.22,1.74,0.27000001,64,2017,5,Karnataka,37554,15679,5330,Bangalore
1397,Sugarcane,0.92000002,8.6199999,1.15,66,2017,5,Karnataka,24548,13290,6346,Tumkur
1497,Sugarcane,4.4099998,37.240002,7.27,73,2017,5,Karnataka,70669,37463,13491,Bellary
1520,Sugarcane,22.51,186.78999,28.940001,74,2017,5,Karnataka,62588,31066,12903,Dharwad
1553,Sugarcane,208.73,2062.24,221.09,75,2017,5,Karnataka,92878,39229,33264,Belgaum
1573,Sugarcane,104.12,856.53003,159.24001,76,2017,5,Karnataka,73977,37407,23520,Bijapur / Vijayapura
1587,Sugarcane,15.52,115.03,19.18,77,2017,5,Karnataka,10275,8497,2388,Bidar
1625,Sugarcane,1.29,12.14,1.61,78,2017,5,Karnataka,115832,62617,22756,Raichur
1641,Sugarcane,2.22,18.299999,45.07,79,2017,5,Karnataka,70290,46001,12551,Gulbarga / Kalaburagi
1652,Sugarcane,0.0099999998,0.1,0.02,80,2017,5,Karnataka,9700,6090,9147,Dakshina Kannada
1719,Sorghum (Rabi),0.25999999,0.28,1.303,84,2017,11,Tamil Nadu,85137,31903,28361,South Arcot / Cuddalore
1727,Groundnut,47.139999,191.8,316.63599,84,2017,11,Tamil Nadu,85137,31903,28361,South Arcot / Cuddalore
1730,Cotton,19.370001,0.0099999998,24.235001,84,2017,11,Tamil Nadu,85137,31903,28361,South Arcot / Cuddalore
1740,Maize,5.3699999,43.830002,8.21,85,2017,11,Tamil Nadu,68430,23100,18324,North Arcot / Vellore
1755,Groundnut,93.699997,280.51001,230.83,85,2017,11,Tamil Nadu,68430,23100,18324,North Arcot / Vellore
1756,Sorghum (Rabi),0.56,0.60000002,0.71899998,85,2017,11,Tamil Nadu,68430,23100,18324,North Arcot / Vellore
1764,Pearl Millet,1.87,3.6800001,37.667,86,2017,11,Tamil Nadu,46708,30730,23106,Salem
1766,Groundnut,66.559998,179.0,148.36099,86,2017,11,Tamil Nadu,46708,30730,23106,Salem
1782,Pearl Millet,0.41,0.91000003,16.747,87,2017,11,Tamil Nadu,26117,14250,21215,Coimbatore
1801,Groundnut,18.26,48.290001,99.952003,87,2017,11,Tamil Nadu,26117,14250,21215,Coimbatore
1814,Groundnut,41.18,117.78,125.679,88,2017,11,Tamil Nadu,68490,25236,26076,Tiruchirapalli / Trichy
1822,Pearl Millet,2.8599999,6.6900001,22.179001,88,2017,11,Tamil Nadu,68490,25236,26076,Tiruchirapalli / Trichy
1830,Pearl Millet,0.15000001,0.34,7.7750001,89,2017,11,Tamil Nadu,70852,27786,27935,Thanjavur
1831,Groundnut,20.110001,70.449997,516.539,89,2017,11,Tamil Nadu,70852,27786,27935,Thanjavur
1842,Sugarcane,8.54,92.0,13.572,89,2017,11,Tamil Nadu,70852,27786,27935,Thanjavur
1856,Pearl Millet,3.53,8.7600002,17.320999,90,2017,11,Tamil Nadu,34392,15902,13182,Madurai
1860,Rice,36.779999,171.28999,36.785,90,2017,11,Tamil Nadu,34392,15902,13182,Madurai
1869,Groundnut,9.8400002,27.59,61.785999,90,2017,11,Tamil Nadu,34392,15902,13182,Madurai
1875,Groundnut,11.18,14.65,139.19901,91,2017,11,Tamil Nadu,40673,6659,3086,Ramananthapuram
1878,Chickpea,0.0099999998,0.0099999998,0.015,91,2017,11,Tamil Nadu,40673,6659,3086,Ramananthapuram
1880,Pearl Millet,1.99,3.9300001,4.2649999,91,2017,11,Tamil Nadu,40673,6659,3086,Ramananthapuram
1893,Chickpea,0.0099999998,0.0099999998,0.025,92,2017,11,Tamil Nadu,27878,10765,7054,Thirunelveli
1906,Groundnut,1.1799999,4.0900002,80.598,92,2017,11,Tamil Nadu,27878,10765,7054,Thirunelveli
1952,Groundnut,0.0099999998,0.029999999,9.6330004,94,2017,11,Tamil Nadu,9769,3667,2443,Kanyakumari
2472,Sugarcane,0.0,0.0099999998,0.1,121,2017,3,Gujarat,94632,24161,2928,Ahmedabad
2474,Maize,1.15,2.54,1.2,121,2017,3,Gujarat,94632,24161,2928,Ahmedabad
2496,Chickpea,6.2600002,13.46,6.9000001,122,2017,3,Gujarat,47379,24276,2811,Amreli
2497,Wheat,8.04,30.9,8.6000004,122,2017,3,Gujarat,47379,24276,2811,Amreli
2500,Sorghum (Rabi),0.07,0.090000004,0.1,122,2017,3,Gujarat,47379,24276,2811,Amreli
2509,Wheat,73.970001,224.22,74.5,123,2017,3,Gujarat,120126,36046,12799,Banaskantha
2534,Sugarcane,37.52,236.91,52.599998,124,2017,3,Gujarat,45972,10291,10661,Bharuch
2557,Sugarcane,4.4400001,28.0,15.1,125,2017,3,Gujarat,77898,14371,8959,Vadodara / Baroda
2559,Pearl Millet,7.6100001,16.780001,7.6999998,125,2017,3,Gujarat,77898,14371,8959,Vadodara / Baroda
2567,Sorghum (Rabi),0.62,0.81999999,7.3000002,125,2017,3,Gujarat,77898,14371,8959,Vadodara / Baroda
2568,Wheat,20.58,55.119999,20.6,125,2017,3,Gujarat,77898,14371,8959,Vadodara / Baroda
2586,Sugarcane,0.0,0.02,0.80000001,126,2017,3,Gujarat,62843,29291,5417,Bhavnagar
2590,Wheat,18.870001,60.080002,19.504999,126,2017,3,Gujarat,62843,29291,5417,Bhavnagar
2608,Maize,0.38999999,0.81999999,0.40000001,127,2017,3,Gujarat,31633,10840,9019,Valsad
2613,Wheat,0.19,0.60000002,0.2,127,2017,3,Gujarat,31633,10840,9019,Valsad
2614,Sorghum (Rabi),0.74000001,0.97000003,0.80000001,127,2017,3,Gujarat,31633,10840,9019,Valsad
2633,Wheat,2.26,1.8099999,2.3,128,2017,3,Gujarat,503,107,56,Dangs
2636,Sugarcane,0.16,0.97000003,0.2,128,2017,3,Gujarat,503,107,56,Dangs
2665,Sugarcane,4.75,29.459999,6.5999999,130,2017,3,Gujarat,64706,33437,7048,Junagadh
2672,Sesamum,7.8299999,7.98,8.1000004,130,2017,3,Gujarat,64706,33437,7048,Junagadh
2691,Sorghum (Rabi),0.02,0.029999999,0.023,131,2017,3,Gujarat,128342,16619,7165,Kheda
2702,Chickpea,5.7399998,5.9299998,5.8260002,131,2017,3,Gujarat,128342,16619,7165,Kheda
2710,Sugarcane,0.14,0.88,0.17,135,2017,3,Gujarat,108519,54681,12824,Rajkot
2730,Cotton,119.69,83.389999,119.7,136,2017,3,Gujarat,81747,23767,14109,Sabarkantha
2733,Sorghum (Rabi),0.28999999,0.38,0.30000001,136,2017,3,Gujarat,81747,23767,14109,Sabarkantha
2735,Wheat,154.25,447.87,154.3,136,2017,3,Gujarat,81747,23767,14109,Sabarkantha
2746,Chickpea,4.3400002,3.8,4.4000001,136,2017,3,Gujarat,81747,23767,14109,Sabarkantha
2752,Sugarcane,110.65,713.0,129.89999,137,2017,3,Gujarat,80074,30311,27213,Surat
2755,Wheat,8.1000004,20.799999,11.0,137,2017,3,Gujarat,80074,30311,27213,Surat
2760,Maize,3.3299999,7.5999999,3.5,137,2017,3,Gujarat,80074,30311,27213,Surat
2763,Pearl Millet,0.029999999,0.079999998,0.1,137,2017,3,Gujarat,80074,30311,27213,Surat
2765,Sesamum,0.25999999,0.13,0.30000001,137,2017,3,Gujarat,80074,30311,27213,Surat
2768,Sorghum (Rabi),4.23,3.4300001,4.4000001,137,2017,3,Gujarat,80074,30311,27213,Surat
2875,Maize,0.0099999998,0.029999999,0.02,142,2017,10,Rajasthan,12912,2366,281,Barmer
2963,Sugarcane,0.75999999,6.0100002,0.76999998,146,2017,10,Rajasthan,40163,12315,382,Bundi
2973,Linseed,0.83999997,0.94,0.84299999,147,2017,10,Rajasthan,45171,17017,1479,Chittorgarh
2983,Sugarcane,1.77,12.86,1.78,147,2017,10,Rajasthan,45171,17017,1479,Chittorgarh
2987,Wheat,174.88,698.65997,174.882,147,2017,10,Rajasthan,45171,17017,1479,Chittorgarh
3046,Sugarcane,2.1099999,14.43,2.1199999,150,2017,10,Rajasthan,137173,58094,5526,Ganganagar
3057,Rice,42.18,127.29,42.189999,150,2017,10,Rajasthan,137173,58094,5526,Ganganagar
3091,Cotton,0.17,0.02,0.18000001,152,2017,10,Rajasthan,7838,3190,82,Jaisalmer
3140,Barley,0.2,0.68000001,0.20999999,154,2017,10,Rajasthan,30476,14084,346,Jhalawar
3245,Barley,0.63999999,2.1300001,0.64999998,160,2017,10,Rajasthan,39972,12592,332,Swami Madhopur
3261,Sugarcane,0.0099999998,0.11,0.02,161,2017,10,Rajasthan,15594,5243,286,Sikar
3271,Wheat,86.080002,285.82999,86.089996,161,2017,10,Rajasthan,15594,5243,286,Sikar
3325,Sugarcane,0.52999997,3.4200001,0.54000002,164,2017,10,Rajasthan,34494,10333,2659,Udaipur
3370,Maize,2.0,5.0,2.27,166,2017,9,Punjab,137546,37153,5623,Amritsar
3379,Sesamum,1.2,0.40000001,1.24,166,2017,9,Punjab,137546,37153,5623,Amritsar
3386,Wheat,375.0,1791.0,375.31,166,2017,9,Punjab,137546,37153,5623,Amritsar
3388,Minor Pulses,0.30000001,0.30000001,0.38,167,2017,9,Punjab,43368,6625,2281,Kapurthala
3392,Rice,118.0,513.0,118.42,167,2017,9,Punjab,43368,6625,2281,Kapurthala
3396,Sugarcane,4.0,33.5,4.0900002,167,2017,9,Punjab,43368,6625,2281,Kapurthala
3403,Wheat,108.0,523.0,108.27,167,2017,9,Punjab,43368,6625,2281,Kapurthala
3410,Pigeonpea,0.30000001,0.30000001,0.336,168,2017,9,Punjab,84815,29066,4517,Jalandhar
3455,Pigeonpea,0.1,0.1,0.13500001,170,2017,9,Punjab,27850,8908,2929,Roopnagar / Ropar
3457,Barley,0.15000001,0.60000002,0.175,170,2017,9,Punjab,27850,8908,2929,Roopnagar / Ropar
3467,Sugarcane,3.5,26.799999,4.25,170,2017,9,Punjab,27850,8908,2929,Roopnagar / Ropar
3480,Pigeonpea,0.60000002,0.60000002,0.68199998,171,2017,9,Punjab,167082,26004,2370,Ludhiana
3486,Maize,1.0,4.0,1.4170001,171,2017,9,Punjab,167082,26004,2370,Ludhiana
3488,Sugarcane,3.45,31.049999,3.4849999,171,2017,9,Punjab,167082,26004,2370,Ludhiana
3503,Maize,1.0,4.0,1.444,172,2017,9,Punjab,234282,61477,8041,Ferozpur
3505,Pigeonpea,0.60000002,0.69999999,0.69999999,172,2017,9,Punjab,234282,61477,8041,Ferozpur
3506,Cotton,112.12,86.449997,112.88,172,2017,9,Punjab,234282,61477,8041,Ferozpur
3510,Sesamum,0.47,0.27000001,0.477,172,2017,9,Punjab,234282,61477,8041,Ferozpur
3511,Sugarcane,2.0,14.7,2.809,172,2017,9,Punjab,234282,61477,8041,Ferozpur
3513,Wheat,768.47998,3933.8999,769.341,172,2017,9,Punjab,234282,61477,8041,Ferozpur
3517,Rice,641.06,2726.5801,641.185,172,2017,9,Punjab,234282,61477,8041,Ferozpur
3521,Pigeonpea,0.1,0.1,0.23,174,2017,9,Punjab,187996,33795,9297,Bhatinda
3526,Pearl Millet,0.60000002,0.40000001,0.61000001,174,2017,9,Punjab,187996,33795,9297,Bhatinda
3527,Rice,388.94,1783.42,388.995,174,2017,9,Punjab,187996,33795,9297,Bhatinda
3529,Wheat,556.52002,2920.1001,556.93903,174,2017,9,Punjab,187996,33795,9297,Bhatinda
3535,Cotton,168.88,137.28999,168.97,174,2017,9,Punjab,187996,33795,9297,Bhatinda
3543,Chickpea,0.1,0.2,0.161,175,2017,9,Punjab,139068,36351,4210,Sangrur
3550,Rice,403.88,2038.6,404.086,175,2017,9,Punjab,139068,36351,4210,Sangrur
3561,Pigeonpea,0.30000001,0.30000001,0.301,175,2017,9,Punjab,139068,36351,4210,Sangrur
3562,Pearl Millet,0.2,0.1,0.252,175,2017,9,Punjab,139068,36351,4210,Sangrur
3570,Chickpea,0.050000001,0.050000001,0.068000004,176,2017,9,Punjab,158811,21365,6382,Patiala
3572,Rice,314.72,1359.15,315.064,176,2017,9,Punjab,158811,21365,6382,Patiala
3573,Maize,4.0,16.5,4.073,176,2017,9,Punjab,158811,21365,6382,Patiala
3578,Sugarcane,4.8099999,43.549999,5.1729999,176,2017,9,Punjab,158811,21365,6382,Patiala
3580,Pigeonpea,0.1,0.1,0.14300001,176,2017,9,Punjab,158811,21365,6382,Patiala
3589,Barley,10.39,35.360001,10.55,177,2017,4,Haryana,294303,93574,14466,Hissar
3609,Minor Pulses,1.3,17.1,2.0,180,2017,4,Haryana,86086,26452,4543,Gurgaon
3614,Barley,2.3,10.0,3.0,180,2017,4,Haryana,86086,26452,4543,Gurgaon
3636,Cotton,63.900002,31.85,64.260002,181,2017,4,Haryana,100027,22141,4945,Jind
3641,Rice,165.64999,491.38,165.88,181,2017,4,Haryana,100027,22141,4945,Jind
3666,Cotton,65.720001,30.82,66.019997,182,2017,4,Haryana,69467,28506,3232,Mahendragarh / Narnaul
3670,Barley,2.7,9.9899998,3.3199999,182,2017,4,Haryana,69467,28506,3232,Mahendragarh / Narnaul
3672,Rice,10.59,25.52,10.73,182,2017,4,Haryana,69467,28506,3232,Mahendragarh / Narnaul
3698,Minor Pulses,0.89999998,17.0,1.0,184,2017,4,Haryana,269227,53753,9657,Karnal
3704,Pearl Millet,2.45,4.9200001,2.6400001,184,2017,4,Haryana,269227,53753,9657,Karnal
3709,Wheat,515.45001,2536.6201,515.67999,184,2017,4,Haryana,269227,53753,9657,Karnal
3728,Minor Pulses,1.5,11.0,2.1300001,186,2017,4,Haryana,119225,31168,3532,Rohtak
3732,Maize,0.80000001,4.0,1.0,186,2017,4,Haryana,119225,31168,3532,Rohtak
3736,Rice,197.13,502.64999,197.25999,186,2017,4,Haryana,119225,31168,3532,Rohtak
3740,Wheat,156.61,588.91998,182.991,189,2017,12,Uttar Pradesh,74705,22791,3929,Saharanpur
3742,Barley,0.050000001,0.13,0.838,189,2017,12,Uttar Pradesh,74705,22791,3929,Saharanpur
3746,Chickpea,0.02,0.0099999998,0.030999999,189,2017,12,Uttar Pradesh,74705,22791,3929,Saharanpur
3761,Rice,70.550003,185.44,93.632004,189,2017,12,Uttar Pradesh,74705,22791,3929,Saharanpur
3767,Minor Pulses,2.28,1.73,2.8299999,190,2017,12,Uttar Pradesh,61628,22361,4033,Muzaffarnagar
3770,Wheat,135.25999,569.22998,136.713,190,2017,12,Uttar Pradesh,61628,22361,4033,Muzaffarnagar
3775,Barley,0.19,0.52999997,1.128,190,2017,12,Uttar Pradesh,61628,22361,4033,Muzaffarnagar
3777,Sesamum,0.02,0.0099999998,0.023,190,2017,12,Uttar Pradesh,61628,22361,4033,Muzaffarnagar
3778,Rice,32.93,93.32,42.245998,190,2017,12,Uttar Pradesh,61628,22361,4033,Muzaffarnagar
3788,Chickpea,0.0099999998,0.0099999998,0.029999999,191,2017,12,Uttar Pradesh,126304,42423,8036,Meerut
3797,Wheat,219.37,932.16998,223.005,191,2017,12,Uttar Pradesh,126304,42423,8036,Meerut
3802,Rice,52.41,145.28999,76.292,191,2017,12,Uttar Pradesh,126304,42423,8036,Meerut
3813,Sorghum (Kharif),0.0099999998,0.0099999998,0.13600001,192,2017,12,Uttar Pradesh,75318,29161,6014,Buland Shahar
3815,Cotton,0.13,0.0099999998,0.36300001,192,2017,12,Uttar Pradesh,75318,29161,6014,Buland Shahar
3818,Pearl Millet,15.58,29.91,17.84,192,2017,12,Uttar Pradesh,75318,29161,6014,Buland Shahar
3820,Wheat,215.96001,968.15997,224.02699,192,2017,12,Uttar Pradesh,75318,29161,6014,Buland Shahar
3822,Rice,102.1,304.57999,127.331,192,2017,12,Uttar Pradesh,75318,29161,6014,Buland Shahar
3823,Minor Pulses,6.3200002,5.9200001,6.5819998,192,2017,12,Uttar Pradesh,75318,29161,6014,Buland Shahar
3825,Chickpea,0.02,0.02,0.068999998,192,2017,12,Uttar Pradesh,75318,29161,6014,Buland Shahar
3826,Pigeonpea,6.5999999,5.8499999,7.1220002,192,2017,12,Uttar Pradesh,75318,29161,6014,Buland Shahar
3829,Sesamum,0.1,0.029999999,0.41800001,194,2017,12,Uttar Pradesh,147208,53176,14941,Aligarh
3831,Sorghum (Kharif),0.0099999998,0.0099999998,0.029999999,194,2017,12,Uttar Pradesh,147208,53176,14941,Aligarh
3832,Cotton,1.98,0.17,4.0760002,194,2017,12,Uttar Pradesh,147208,53176,14941,Aligarh
3839,Pigeonpea,10.43,7.9499998,11.618,194,2017,12,Uttar Pradesh,147208,53176,14941,Aligarh
3840,Rice,107.56,278.09,132.89,194,2017,12,Uttar Pradesh,147208,53176,14941,Aligarh
3842,Groundnut,0.029999999,0.029999999,0.089000002,194,2017,12,Uttar Pradesh,147208,53176,14941,Aligarh
3846,Minor Pulses,8.7799997,7.3200002,14.222,194,2017,12,Uttar Pradesh,147208,53176,14941,Aligarh
3850,Rice,46.130001,83.540001,49.581001,195,2017,12,Uttar Pradesh,79175,27861,4306,Mathura
3863,Sorghum (Kharif),0.02,0.02,0.024,195,2017,12,Uttar Pradesh,79175,27861,4306,Mathura
3864,Maize,0.15000001,0.41999999,0.66600001,195,2017,12,Uttar Pradesh,79175,27861,4306,Mathura
3866,Pigeonpea,1.28,0.94999999,1.877,195,2017,12,Uttar Pradesh,79175,27861,4306,Mathura
3868,Barley,3.8699999,12.5,4.6869998,195,2017,12,Uttar Pradesh,79175,27861,4306,Mathura
3871,Minor Pulses,2.1700001,1.0599999,2.4389999,195,2017,12,Uttar Pradesh,79175,27861,4306,Mathura
3872,Rice,12.91,34.080002,18.582001,196,2017,12,Uttar Pradesh,136016,50349,22334,Agra
3875,Minor Pulses,1.86,1.8099999,3.079,196,2017,12,Uttar Pradesh,136016,50349,22334,Agra
3877,Cotton,0.33000001,0.0099999998,2.7119999,196,2017,12,Uttar Pradesh,136016,50349,22334,Agra
3878,Maize,2.6400001,7.3800001,3.9990001,196,2017,12,Uttar Pradesh,136016,50349,22334,Agra
3897,Groundnut,0.51999998,0.58999997,2.4349999,197,2017,12,Uttar Pradesh,83825,33051,4412,Mainpuri
3901,Rice,76.610001,226.59,84.067001,197,2017,12,Uttar Pradesh,83825,33051,4412,Mainpuri
3904,Chickpea,0.86000001,1.64,0.91000003,197,2017,12,Uttar Pradesh,83825,33051,4412,Mainpuri
3920,Groundnut,0.75,0.75999999,0.80199999,198,2017,12,Uttar Pradesh,71089,28153,5522,Etah
3921,Wheat,229.73,904.14001,240.94901,198,2017,12,Uttar Pradesh,71089,28153,5522,Etah
3922,Maize,56.52,145.03999,66.839996,198,2017,12,Uttar Pradesh,71089,28153,5522,Etah
3924,Sorghum (Kharif),0.050000001,0.050000001,0.27700001,198,2017,12,Uttar Pradesh,71089,28153,5522,Etah
3932,Rice,28.790001,71.300003,50.318001,198,2017,12,Uttar Pradesh,71089,28153,5522,Etah
3933,Sesamum,0.79000002,0.23,1.101,198,2017,12,Uttar Pradesh,71089,28153,5522,Etah
3942,Rice,145.23,357.42001,168.30499,199,2017,12,Uttar Pradesh,61248,18465,3575,Bareilly
3946,Chickpea,0.02,0.02,0.022,199,2017,12,Uttar Pradesh,61248,18465,3575,Bareilly
3953,Barley,0.050000001,0.13,0.146,199,2017,12,Uttar Pradesh,61248,18465,3575,Bareilly
3956,Wheat,195.12,716.28003,205.86301,199,2017,12,Uttar Pradesh,61248,18465,3575,Bareilly
3958,Sorghum (Kharif),0.090000004,0.090000004,0.26800001,199,2017,12,Uttar Pradesh,61248,18465,3575,Bareilly
3963,Chickpea,0.029999999,0.039999999,0.38999999,200,2017,12,Uttar Pradesh,70074,24426,4650,Budaun
3966,Wheat,276.29001,1013.67,300.80301,200,2017,12,Uttar Pradesh,70074,24426,4650,Budaun
3973,Rice,88.349998,188.48,100.686,200,2017,12,Uttar Pradesh,70074,24426,4650,Budaun
3980,Maize,10.44,23.450001,12.648,200,2017,12,Uttar Pradesh,70074,24426,4650,Budaun
3982,Wheat,300.44,1101.13,302.582,201,2017,12,Uttar Pradesh,77372,21815,4821,Moradabad
3990,Maize,5.6399999,12.08,10.168,201,2017,12,Uttar Pradesh,77372,21815,4821,Moradabad
3991,Rice,140.63,327.23999,142.735,201,2017,12,Uttar Pradesh,77372,21815,4821,Moradabad
3992,Sugarcane,142.64,1171.08,148.338,201,2017,12,Uttar Pradesh,77372,21815,4821,Moradabad
4002,Barley,0.38,1.08,0.93300003,201,2017,12,Uttar Pradesh,77372,21815,4821,Moradabad
4014,Pigeonpea,0.31,0.28,0.56900001,202,2017,12,Uttar Pradesh,109135,34321,7757,Shahjahanpur
4016,Wheat,247.7,989.81,265.815,202,2017,12,Uttar Pradesh,109135,34321,7757,Shahjahanpur
4018,Sugarcane,45.740002,371.07999,55.909,202,2017,12,Uttar Pradesh,109135,34321,7757,Shahjahanpur
4027,Wheat,131.99001,559.22998,156.08501,203,2017,12,Uttar Pradesh,43952,12733,3917,Pilibhit
4035,Barley,0.0,0.0099999998,0.0070000002,203,2017,12,Uttar Pradesh,43952,12733,3917,Pilibhit
4042,Rice,140.74001,461.07999,152.437,203,2017,12,Uttar Pradesh,43952,12733,3917,Pilibhit
4045,Chickpea,0.1,0.11,0.121,203,2017,12,Uttar Pradesh,43952,12733,3917,Pilibhit
4049,Barley,0.0099999998,0.029999999,0.189,204,2017,12,Uttar Pradesh,26893,5349,1051,Rampur
4055,Chickpea,0.02,0.02,0.054000001,204,2017,12,Uttar Pradesh,26893,5349,1051,Rampur
4061,Sugarcane,21.85,163.94,23.086,204,2017,12,Uttar Pradesh,26893,5349,1051,Rampur
4069,Sesamum,0.039999999,0.0099999998,0.109,204,2017,12,Uttar Pradesh,26893,5349,1051,Rampur
4075,Barley,0.0,0.0099999998,0.147,205,2017,12,Uttar Pradesh,42398,14381,3426,Bijnor
4086,Chickpea,0.0099999998,0.02,0.055,205,2017,12,Uttar Pradesh,42398,14381,3426,Bijnor
4091,Sugarcane,201.63,1681.51,215.533,205,2017,12,Uttar Pradesh,42398,14381,3426,Bijnor
4098,Sugarcane,8.3599997,54.630001,8.6569996,206,2017,12,Uttar Pradesh,97642,27112,10933,Farrukhabad
4100,Rice,34.619999,108.09,46.970001,206,2017,12,Uttar Pradesh,97642,27112,10933,Farrukhabad
4103,Sesamum,4.04,0.81999999,4.2059999,206,2017,12,Uttar Pradesh,97642,27112,10933,Farrukhabad
4107,Sorghum (Kharif),2.8699999,4.3899999,3.2650001,206,2017,12,Uttar Pradesh,97642,27112,10933,Farrukhabad
4109,Maize,85.470001,268.38,92.375999,206,2017,12,Uttar Pradesh,97642,27112,10933,Farrukhabad
4114,Wheat,198.17,756.58002,203.77901,207,2017,12,Uttar Pradesh,67862,27997,2552,Etawah
4121,Rice,101.35,295.29999,112.932,207,2017,12,Uttar Pradesh,67862,27997,2552,Etawah
4154,Sugarcane,4.1100001,26.01,5.1690001,208,2017,12,Uttar Pradesh,124649,45131,7720,Kanpur
4156,Rice,73.989998,221.22,86.595001,208,2017,12,Uttar Pradesh,124649,45131,7720,Kanpur
4160,Rice,82.059998,216.64999,88.695999,209,2017,12,Uttar Pradesh,49651,20660,2863,Fatehpur
4162,Wheat,170.17,591.42999,175.539,209,2017,12,Uttar Pradesh,49651,20660,2863,Fatehpur
4169,Sugarcane,6.3800001,23.42,7.6690001,209,2017,12,Uttar Pradesh,49651,20660,2863,Fatehpur
4180,Rice,215.88,575.92999,290.95099,210,2017,12,Uttar Pradesh,108387,39828,13191,Allahabad
4189,Groundnut,0.02,0.02,0.048,210,2017,12,Uttar Pradesh,108387,39828,13191,Allahabad
4201,Wheat,283.10999,1021.87,321.28699,210,2017,12,Uttar Pradesh,108387,39828,13191,Allahabad
4202,Wheat,302.29999,818.40002,316.495,211,2017,12,Uttar Pradesh,66983,48399,2534,Jhansi
4224,Rice,0.27000001,0.34,1.395,213,2017,12,Uttar Pradesh,34091,17988,1110,Jalaun
4240,Wheat,160.36,581.16998,166.845,213,2017,12,Uttar Pradesh,34091,17988,1110,Jalaun
4254,Wheat,161.50999,440.67999,172.752,214,2017,12,Uttar Pradesh,33248,20580,1666,Hamirpur
4256,Rice,0.079999998,0.15000001,0.98500001,214,2017,12,Uttar Pradesh,33248,20580,1666,Hamirpur
4277,Rice,60.720001,118.86,84.635002,215,2017,12,Uttar Pradesh,31565,19178,2047,Banda
4279,Wheat,208.72,495.10999,265.08499,215,2017,12,Uttar Pradesh,31565,19178,2047,Banda
4285,Maize,0.02,0.039999999,0.022,215,2017,12,Uttar Pradesh,31565,19178,2047,Banda
4318,Wheat,207.67,735.15002,215.90199,218,2017,12,Uttar Pradesh,48177,17780,2322,Jaunpur
4324,Rice,157.28,362.67999,159.98199,218,2017,12,Uttar Pradesh,48177,17780,2322,Jaunpur
4343,Rice,154.82001,384.25,173.73599,219,2017,12,Uttar Pradesh,47591,18207,2463,Ghazipur
4351,Wheat,166.21001,494.14999,185.38499,219,2017,12,Uttar Pradesh,47591,18207,2463,Ghazipur
4360,Wheat,136.89,495.07001,146.85899,220,2017,12,Uttar Pradesh,35302,15283,2455,Ballia
4388,Chickpea,0.34999999,0.38,0.47,221,2017,12,Uttar Pradesh,111370,33124,9619,Gorakhpur
4396,Wheat,337.69,1330.08,344.57599,221,2017,12,Uttar Pradesh,111370,33124,9619,Gorakhpur
4399,Pearl Millet,0.0099999998,0.02,0.029999999,221,2017,12,Uttar Pradesh,111370,33124,9619,Gorakhpur
4409,Wheat,271.13,894.56,275.59799,222,2017,12,Uttar Pradesh,62812,23174,5327,Deoria
4410,Sorghum (Kharif),0.039999999,0.07,0.104,222,2017,12,Uttar Pradesh,62812,23174,5327,Deoria
4411,Chickpea,0.11,0.12,0.23999999,222,2017,12,Uttar Pradesh,62812,23174,5327,Deoria
4424,Wheat,368.44,1391.74,387.79099,223,2017,12,Uttar Pradesh,88716,31875,7716,Basti
4437,Sugarcane,45.959999,303.70001,50.811001,223,2017,12,Uttar Pradesh,88716,31875,7716,Basti
4455,Sorghum (Kharif),0.029999999,0.039999999,0.066,224,2017,12,Uttar Pradesh,79550,30817,4398,Azamgarh
4480,Rice,51.619999,139.73,54.200001,225,2017,12,Uttar Pradesh,21074,9715,622,Lucknow
4501,Sugarcane,0.61000001,4.7800002,1.247,226,2017,12,Uttar Pradesh,41140,16272,1593,Unnao
4508,Rice,94.989998,199.19,107.836,226,2017,12,Uttar Pradesh,41140,16272,1593,Unnao
4522,Rice,140.34,342.72,169.80499,227,2017,12,Uttar Pradesh,75823,30469,3511,Rae-Bareily
4527,Wheat,188.22,661.65002,214.295,227,2017,12,Uttar Pradesh,75823,30469,3511,Rae-Bareily
4549,Rice,163.87,384.10001,168.44501,228,2017,12,Uttar Pradesh,88206,32282,7455,Sitapur
4553,Wheat,210.92999,685.96002,219.59801,228,2017,12,Uttar Pradesh,88206,32282,7455,Sitapur
4565,Wheat,314.42999,1155.22,329.26199,229,2017,12,Uttar Pradesh,94914,35036,2807,Hardoi
4590,Sugarcane,248.13,2002.65,281.51501,230,2017,12,Uttar Pradesh,45798,15564,4193,Kheri
4598,Maize,3.5899999,6.96,4.0580001,231,2017,12,Uttar Pradesh,62705,23442,4158,Faizabad
4600,Rice,220.25,643.47998,223.09399,231,2017,12,Uttar Pradesh,62705,23442,4158,Faizabad
4613,Sugarcane,31.940001,242.55,39.675999,231,2017,12,Uttar Pradesh,62705,23442,4158,Faizabad
4617,Pearl Millet,0.0099999998,0.02,0.171,231,2017,12,Uttar Pradesh,62705,23442,4158,Faizabad
4645,Wheat,236.37,850.34003,250.358,233,2017,12,Uttar Pradesh,76222,28989,12216,Bahraich
4688,Sugarcane,0.82999998,3.05,0.85399997,235,2017,12,Uttar Pradesh,28992,11866,4210,Pratapgarh
4690,Wheat,148.32001,469.72,155.252,235,2017,12,Uttar Pradesh,28992,11866,4210,Pratapgarh
4698,Maize,0.60000002,1.35,1.256,235,2017,12,Uttar Pradesh,28992,11866,4210,Pratapgarh
4700,Rice,96.360001,227.78999,148.543,235,2017,12,Uttar Pradesh,28992,11866,4210,Pratapgarh
4708,Barley,0.059999999,0.19,0.105,236,2017,12,Uttar Pradesh,57527,17469,2933,Barabanki
4713,Rice,181.60001,520.65997,198.735,236,2017,12,Uttar Pradesh,57527,17469,2933,Barabanki
4728,Wheat,168.35001,677.09003,169.06799,236,2017,12,Uttar Pradesh,57527,17469,2933,Barabanki
4795,Sugarcane,0.0,0.029999999,0.0099999998,239,2017,16,Uttarakhand,475,127,43,Pithorgarh
5131,Pearl Millet,0.050000001,0.039999999,10.867,629,2017,18,Himachal Pradesh,14180,2766,1409,Kangra
5171,Finger Millet,0.2,0.16,0.33399999,631,2017,18,Himachal Pradesh,2786,1384,1882,Kullu
5184,Groundnut,0.0099999998,0.02,1.12,631,2017,18,Himachal Pradesh,2786,1384,1882,Kullu
5211,Barley,0.44,0.40000001,0.54699999,632,2017,18,Himachal Pradesh,182,183,109,Lahul & Spiti
5212,Maize,0.02,0.059999999,0.041999999,632,2017,18,Himachal Pradesh,182,183,109,Lahul & Spiti
5245,Pearl Millet,0.02,0.02,3.1800001,634,2017,18,Himachal Pradesh,4378,1152,892,Mandi
5256,Finger Millet,0.69999999,0.69,11.696,634,2017,18,Himachal Pradesh,4378,1152,892,Mandi
5274,Groundnut,0.0099999998,0.0099999998,1.595,635,2017,18,Himachal Pradesh,6111,2888,6051,Shimla
5287,Groundnut,0.0099999998,0.0099999998,19.961,636,2017,18,Himachal Pradesh,3375,665,387,Sirmaur
5301,Finger Millet,0.25,0.15000001,9.4180002,636,2017,18,Himachal Pradesh,3375,665,387,Sirmaur
5319,Sugarcane,0.029999999,0.23,0.039999999,651,2017,19,Kerala,9747,2587,2629,Alappuzha
5344,Sugarcane,0.0,0.039999999,0.0040000002,652,2017,19,Kerala,11783,4305,7718,Kannur
5433,Sugarcane,0.079999998,0.75,0.171,658,2017,19,Kerala,28176,5271,6717,Palakkad
5686,Finger Millet,1.6900001,1.21,17.784,910,2017,15,Jharkhand,29186,28287,7303,Santhal Paragana / Dumka
5690,Pearl Millet,0.050000001,0.039999999,1.1289999,910,2017,15,Jharkhand,29186,28287,7303,Santhal Paragana / Dumka
5697,Groundnut,2.72,2.22,19.438,910,2017,15,Jharkhand,29186,28287,7303,Santhal Paragana / Dumka
5743,Groundnut,3.8299999,4.0,16.458,913,2017,15,Jharkhand,15376,11091,1486,Hazaribagh
5744,Pearl Millet,0.029999999,0.0099999998,0.078000002,913,2017,15,Jharkhand,15376,11091,1486,Hazaribagh
5754,Finger Millet,2.6400001,1.85,16.091,913,2017,15,Jharkhand,15376,11091,1486,Hazaribagh
5757,Sesamum,0.88999999,0.36000001,1.742,913,2017,15,Jharkhand,15376,11091,1486,Hazaribagh
5790,Finger Millet,0.28,0.31,24.889999,915,2017,15,Jharkhand,16063,8959,1702,Palamau
5796,Groundnut,6.2399998,4.7800002,80.515999,915,2017,15,Jharkhand,16063,8959,1702,Palamau
5819,Pearl Millet,0.02,0.0099999998,0.30899999,916,2017,15,Jharkhand,28893,20374,3949,Ranchi
5849,Groundnut,1.48,1.27,2.1919999,917,2017,15,Jharkhand,2588,1600,122,Singhbhum
